pbac_no,pbac_srno,cmdt_ln_no,source,cmdt_nm
01026029000011,900001,001,BUSINESS,SKIN CARE COSMETIC
02026039000011,900001,002,BUSINESS,WIRELESS ELECTRIC MIXER
02026039000031,900003,001,BUSINESS,SKIN CARE COSMETICS
02026039000031,900003,002,BUSINESS,JEIL PREMIUM LUTEIN
02026039000031,900003,003,BUSINESS,FOOD PREPARATIONS
02026039000031,900003,004,BUSINESS,USED PERSONAL GOOD
02026039000031,900003,005,BUSINESS,COSMETIC
02026039000071,900007,001,BUSINESS,AMAZFIT HUAMI CHEETAH PRO 47MM A2320 SMART WATCH HALF FULL HORSE PRECISE POSITIONING WATCH SPORTS OUTDOOR HEART RATE BLOOD OXYGEN MEN S AND WOMEN S WATCH RACING BLACK 1
02026039000081,900008,001,BUSINESS,smart display
02026039000091,900009,001,BUSINESS,DISPOSABLE ELECTRONIC CIGARETTE
02026039000101,900010,001,BUSINESS,OTHER
02026039000101,900010,002,BUSINESS,Of polymers of elthylene
02026039000111,900011,001,BUSINESS,NATURAL GRAPHITE
02026039000141,900014,001,BUSINESS,EXAM GOWN
02026039000181,900018,001,BUSINESS,CRUSHED CHILLI
02026039000191,900019,001,BUSINESS,WATER BOTTLE
02026039000201,900020,001,BUSINESS,GRANITE PRODUCTS
02026039000211,900021,001,BUSINESS,Eletric Vehicle
02026039000221,900022,001,BUSINESS,PORTABLE FOLDING GRILL
02026039000221,900022,002,BUSINESS,TITANIUM CAMPING CUTLERY SET
02026039000221,900022,003,BUSINESS,CEREAL BOTTLE
02026039000231,900023,001,BUSINESS,TIAOWEIZHACAISI TIAOWEIZHACAIKUAI
02026039000241,900024,001,BUSINESS,BEAUTY EQUIPMENT
02026039000241,900024,002,BUSINESS,BELT
02026039000251,900025,001,BUSINESS,JUJUBE WITH WALNUT
02026039000261,900026,001,BUSINESS,ROLLER SKATE
02026039000291,900029,001,BUSINESS,RED GINSENG GEL CANDY BAF CAF PREPAID
02026039000301,900030,001,BUSINESS,MOVING HOUSE
03926019000101,900010,001,BUSINESS,RUGBY BALL GILBERT TAG RUGBY BALL GB9131 10
03926019000111,900011,001,BUSINESS,FISHING REEL SPINNING 19 RAGZAS LBD 1
03926019000121,900012,001,BUSINESS,SCAFFOLDING PLATFORM EXTENDABLE HASEGAWA DRS0780C 1
03926019000131,900013,001,BUSINESS,콜란토테 목걸이
03926019000141,900014,001,BUSINESS,싸이벡스 유모차
03926019000151,900015,001,BUSINESS,AUDIO EQUIPMENT ZOOM V3 1
03926019000171,900017,001,BUSINESS,CHILD SEAT BELT SEAT BELT ACCESSORIES  30
03926019000181,900018,001,BUSINESS,하세가와 사다리
03926019000211,900021,001,BUSINESS,FISHING REEL SHIMANO VANQUISH 1
03926019000221,900022,001,BUSINESS,"SPORTS CLOTHING-NIKE DV9840 1 ,SPORTS CLOTHING-NIKE DV9840 1 ,SPORTS CLOTHING-NIKE DV9840 1 ,SPORTSCLOTHING-NIKE DV9840 1 ,SPORTS CLOTHING-NIKE DV9840 1"
03926019000231,900023,001,BUSINESS,"나이키 티 5개(사이즈: S, M, L, XL, 2XL)"
03926019000241,900024,001,BUSINESS,WRISTWATCH
03926019000251,900025,001,BUSINESS,TEMPUR ORIGINAL PILLOW 1
03926019000261,900026,001,BUSINESS,LIL HYBRID 3 0 WHITE 1
03926019000271,900027,001,BUSINESS,SEIKO WRIST WATCH
03926019000281,900028,001,BUSINESS,아이코스 릴 하이브리드 2.0 전자담배 기기
03926019000291,900029,001,BUSINESS,VAPTIO PRO KIT DEVICE 1
03926019000301,900030,001,BUSINESS,ELECTRONIC CIGARETTES PART-VAPTIO AVOCADO BABY KITSIMPLE KITPINK 1
03926019000311,900031,001,BUSINESS,아이코스 전자담배 장치
03926019000321,900032,001,BUSINESS,MICROPHONE-MAINTENANCE COMPLETED YAMAHA INTEGRATEDCOMMUNICATIONS MICROPHONE SPEAKER SYSTEM YVC-1 1
03926019000331,900033,001,BUSINESS,CAULKING DEVICE
03926019000351,900035,001,BUSINESS,블루투스 스피커
03926019000381,900038,001,BUSINESS,아이코스 전자담배 기기
03926019000391,900039,001,BUSINESS,손목시계
03926019000401,900040,001,BUSINESS,ALTERNATOR 1
03926019000411,900041,001,BUSINESS,낚시 릴
03926019000431,900043,001,BUSINESS,낚시 릴
03926019000451,900045,001,BUSINESS,에어니퍼
03926019000501,900050,001,BUSINESS,손목시계
03926019000521,900052,001,BUSINESS,옷(후리스)
03926019000541,900054,001,BUSINESS,FISHING PART-DAIWA ISO-YONG LEVER BRAKE REEL 23 LUXUS 3000XH-LBD 1
03926019000551,900055,001,BUSINESS,골프가방
03926019000561,900056,001,BUSINESS,SHIMANO SPINNING REEL
03926019000601,900060,001,BUSINESS,SONY COMPACT DIGITAL CAMERA
03926019000621,900062,001,BUSINESS,FISHING REEL
03926019000631,900063,001,BUSINESS,OTHER ELECTRONIC IMAGE DEVICES SOUND SYSTEM-UNIVERSAL AUDIO VOLT 2 USB 20 AUDIO INTERFACE 2-IN2-O 1
03926019000641,900064,001,BUSINESS,DIGITAL CAMERA-SONY COMPACT DIGITAL CAMERA CYBER-SHOT DSC-W830 SILVER OPTICAL ZOOM 8X 25-200MM CO 1
03926019000651,900065,001,BUSINESS,MARSHALL WIRELESS SPEAKER WILLEN 2
04026049000011,900001,001,BUSINESS,GOLF CLUB
04026049000021,900002,001,BUSINESS,TRANSISTORS
04026049000021,900002,002,BUSINESS,MONOLITHIC INTEGRATED CIRCUITS
04026049000041,900004,001,BUSINESS,USED DIGITAL CAMERA BODY CANON EOS1 DS MARK II  L1162903196
04026049000051,900005,001,BUSINESS,MENS NYLON COOL PANT
04026049000051,900005,002,BUSINESS,WOMENS NYLON COOL PANT
04026049000091,900009,001,BUSINESS,SKIS
04026049000101,900010,001,BUSINESS,LOTUS MELIGHT EYE PATCH
04026049000111,900011,001,BUSINESS,HYDRA PEN H5
04026049000121,900012,001,BUSINESS,ICOM GMDSS VHF
04026049000131,900013,001,BUSINESS,CITIZEN WATCHPROMASTER CB5000 50L SKY ECO DRIVE
04026049000141,900014,001,PERSONAL,FOOTWEAR
04026049000171,900017,001,PERSONAL,LUMINAIRES PARTS
04026049000181,900018,001,PERSONAL,PARTS FOR CAMERAS
04026049000191,900019,001,PERSONAL,TOTAL PCS ACTION CAMERA ACE PRO2
04026049000211,900021,001,PERSONAL,WELDING GLOVE
04026049000221,900022,001,PERSONAL,MOBILE REDIO TERMINAL
04026049000231,900023,001,PERSONAL,MOBILE RADIO TERMINAL
04026049000012,900001,001,PERSONAL,기타신변장식용품 / 뉴트로지나 데일리 립밤 4g 1개 EXP 2028.12.25.
04026049000022,900002,001,PERSONAL,일반화장품 / 프레티 퍼펙트 클린 클렌징 티슈
04026049000032,900003,001,PERSONAL,일반화장품 / 프레티 리얼비타 아이존패치 30매
04026049000042,900004,001,PERSONAL,일반화장품 / 프레티 리얼골드 아이존패치 30매
04026049000052,900005,001,PERSONAL,일반화장품 / 프레티 이지에프 플러스 리페어 데일리 아이존 패치 36매
04026049000062,900006,001,PERSONAL,일반화장품 / 메디힐 판테노립스 힐밤 10ml
04026049000082,900008,001,PERSONAL,일반화장품 / 브링그린 알로에 97% 수딩젤 300ML
04026049000102,900010,001,PERSONAL,일반화장품 / 글루타넥스 솝 100g 1개(EXP 2028.11.23.)
04026049000172,900017,001,PERSONAL,기타신변장식용품 / 레이지 소사이어티 트러블 솔루션 폼 클렌져 120ml 1개 EXP 2027.09.23.
04026049000192,900019,001,PERSONAL,일반화장품 / 메디힐 판테노립스 힐밤 (10ml)
04026049000272,900027,001,PERSONAL,기타신변장식용품 / 합성가죽벨트(남성용)
04026049000282,900028,001,PERSONAL,일반화장품 / 앤드비 아이브로 다크브라운 (&be Liquid Eyebrow Drak Brown)
04026049000292,900029,001,PERSONAL,일반화장품 / 아리얼 스트레스 릴리빙 미셀라 립앤아이 리무버 300ML
04026049000322,900032,001,PERSONAL,일반화장품 / 리센스 로에큐어 워터 스플래쉬 쿨링 선스틱 23G (증정품 포함 라센스 로에큐어 리알로에 젤리크림 3개)
04026049000342,900034,001,PERSONAL,일반화장품 / 무지개맨션 오브제 리퀴드 033 모카
04026049000352,900035,001,PERSONAL,기타 물품 / 원서 1권(EMPIRE OF PAIN)
04026049000362,900036,001,PERSONAL,기타신변장식용품 / 오브제 클라우드 딥 클렌징폼 150ml*2EA EXP 2028.02.13.
04026049000372,900037,001,PERSONAL,기타신변장식용품 / 바닐라코 SKIN 클린잇제로 오리지널 클렌징밤
04026049000402,900040,001,PERSONAL,액세서리(귀금속 제외) / 모조진주 귀걸이 1세트
04026049000442,900044,001,PERSONAL,기타신변장식용품 / 맥 프로 브로우디파이너(SPIKED색상)
04026049000492,900049,001,PERSONAL,일반화장품 / 메디힐 마데카소사이드 클렌저 120ml 2EA(EXP 2028.03.05.)
04026049000562,900056,001,PERSONAL,기타신변장식용품 / 애플라인드 차콜 볼캡(APS-CA2496) 1점
04026049000602,900060,001,PERSONAL,일반화장품 / 앤드비 프레스드 치크 (&be Pressed Cheek Seamless pink)
04026049000622,900062,001,PERSONAL,기타신변장식용품 / 퓨어썸 여행용 미니 필터 샤워기 프로 1세트
04026049000632,900063,001,PERSONAL,일반화장품 / 듀이트리 하이 아미노 올 클렌징 밀크 400ML
04026049000642,900064,001,PERSONAL,기타신변장식용품 / 설화수 윤조립밤 030 3g
04026049000662,900066,001,PERSONAL,기타신변장식용품 / 셀퓨전씨 레이저 유브이 썬스크린 더블(35ml 2EA) 기획
04026049000682,900068,001,PERSONAL,기타신변장식용품 / 바이오힐보 판테셀 리페어시카 크림 기획세트(50ml *2EA) EXP 2028.09.24.
04026049000732,900073,001,PERSONAL,"보석, 귀금속 제품(금,은,백금 등) / 팔찌 2개, 귀걸이 1개"
04026049000752,900075,001,PERSONAL,"기타신변장식용품 / 포켓몬스터 골프공 6구, 볼마커 세트 1박스"
04026049000802,900080,001,PERSONAL,"일반화장품 / 헤라 센슈얼 누드 글로스 (HERA SENSUAL NUDE GLOSS,5G)"
04026049000852,900085,001,PERSONAL,일반화장품 / VT리들샷300 50ml
04026049000872,900087,001,PERSONAL,일반화장품 / 르라보 핸드 포마드 히노키 55ml
04026049000942,900094,001,PERSONAL,일반화장품 / BYREDO BALANCHE HANDCREAM 30ml
04026049000952,900095,001,PERSONAL,기타신변장식용품 / 설화수 순행 클렌징 폼
04026049001002,900100,001,PERSONAL,일반화장품 / 헤라 블러쉬 204호 플랫피치 5.5g
04026049001012,900101,001,PERSONAL,기타신변장식용품 / #17 박스(히터)
04026049001042,900104,001,PERSONAL,기타신변장식용품 / 텀블러(새제품/ROYAL GRAFTON)
04026049001072,900107,001,PERSONAL,일반화장품 / 메디알 비타마이드 잡티 패드
04026049001082,900108,001,PERSONAL,일반화장품 / 설화수 퍼펙팅 베일 프라이머
04026049001092,900109,001,PERSONAL,"일반화장품 / 에이치앤글로벌 홀딩스 비타콜라겐 벨벳 클렌저 90g 1개 ,  차옴 노블베치 폼클렌저 150ml 1개 / 총2개"
04026049001112,900111,001,PERSONAL,기타신변장식용품 / 24434 에어스타 쇼핑백(고려인삼 농충액)
04026049001122,900112,001,PERSONAL,액세서리(귀금속 제외) / HEESOO 귀걸이
04026049001142,900114,001,PERSONAL,일반화장품 / 메디큐브 제로 모공 패드 듀오
04026049001152,900115,001,PERSONAL,일반화장품 / 입생로랑 더잉크 바닐라 크림 403(립 메이크업제품 본품 및 입생로랑 증정품)
04026049001172,900117,001,PERSONAL,일반화장품 / 가히 에어리핏 선스틱(KAHI AIRY FIT SUN STICK SPF 50+PA++++ 14G)
04026049001192,900119,001,PERSONAL,기타 물품 / CUTE AND FUN NIGHT LIGHT ZH-118 30개
04026049001212,900121,001,PERSONAL,기타신변장식용품 / ARMANI PRISMA GLASS ICY PLUMPER 33호
04026049001242,900124,001,PERSONAL,일반화장품 / 샤넬 루쥬 알뤼르 라끄 66 퍼머넌트
04026049001252,900125,001,PERSONAL,일반화장품 / BOBBI BROWN Luxe Eye Shadow Rich Sparkle (2.5g)
04026049001262,900126,001,PERSONAL,기타신변장식용품 / 지방시 프리즘 리브르 스킨 케어링 코렉터 블루
04026049001302,900130,001,PERSONAL,"일반화장품 / BOBBI BROWN shadow stick 2개(Golden pink 1개, Sand Dune 1개)"
04026049001322,900132,001,PERSONAL,기타신변장식용품 / 샤넬 르 루쥬 듀오 울트라 뜨뉘 192 코랄핑크
04026049001332,900133,001,PERSONAL,일반화장품 / CHANEL LIP AND CHEEK BALM
04026049001342,900134,001,PERSONAL,일반화장품 / 샤넬 라 무쓰 클렌징폼 1개
04026049001382,900138,001,PERSONAL,일반화장품 / PRADA LIP COLOR MONOCHROME P160 BLOSSOM PINK
04026049001422,900142,001,PERSONAL,일반화장품 / 닥터지 레드블레미쉬 수딩 업 선 듀오세트(50ml*2ea) 3개(EXP 2028.12.07.) + 증정용 10ml*2ea
04026049001432,900143,001,PERSONAL,기타신변장식용품 / 모르칸 헤어 오일 TRAVELR SET(100ml + 25ml)
04026049001462,900146,001,PERSONAL,기타신변장식용품 / MLB야구모자 2점 (1set)
04026049001472,900147,001,PERSONAL,기타신변장식용품 / JACQUEMUS 모자
04026049001492,900149,001,PERSONAL,기타신변장식용품 / 조말론 잉글리쉬 페어 앤 프리지아 바디 앤 핸드 워시 250ml
04026049001522,900152,001,PERSONAL,가방 및 지갑 / 볼앤체인(Ball&Chain) 자수 에코백 (NO : 313006 COL :26 LAVENDER DJ CAT(M))
04026049001562,900156,001,PERSONAL,기타신변장식용품 / 설화수 상백 톤업크림 50ml EXP 2029.01.19.
04026049001572,900157,001,PERSONAL,기타신변장식용품 / 샤넬 LA MOUSSE CAMELLIA CLEANSING CREAM 150ml 1개
04026049001612,900161,001,PERSONAL,일반카메라(필드) / 마이퍼스트 카메라3 핑크
04026049001632,900163,001,PERSONAL,일반화장품 / 올그레이스 조선미녀 산들쑥선스틱 18g
04026049001662,900166,001,PERSONAL,일반화장품 / 샤넬 에끌라 프리미에 라 바즈 메이크업 베이스 로제 30ml
04026049001692,900169,001,PERSONAL,기타신변장식용품 / MISS DIOR comforting body milk with rosw wax 175ml
04026049001732,900173,001,PERSONAL,기타신변장식용품 / MISS DIOR ROLLER-PEARL 20ML
04026049001742,900174,001,PERSONAL,기타신변장식용품 / 해수엘 실버 귀걸이 (YUE4330SW-SL)
04026049001752,900175,001,PERSONAL,기타신변장식용품 / 탈리 레터링 블럭백 민트가방(체인포함)
04026049001772,900177,001,PERSONAL,"의류(모피의류 제외),섬유제품 / 아워비 리프레시 홈웨어"
04026049001832,900183,001,PERSONAL,일반화장품 / 샤넬 폼클렌징 (CHANEL ECLAT PREMIER LA MOUSSE 150ML)
04026049001892,900189,001,PERSONAL,가공식품(건강기능식품 포함) / 정관장 에브리타임 로얄 10ml 30개입 1박스
04026049001902,900190,001,PERSONAL,기타신변장식용품 / (SN: 505396) 고비 캐시미어 장갑
04026049001932,900193,001,PERSONAL,일반화장품 / 리쥬란 액티브 크림 인핸스드 듀오 (50ML*2개)
04026049001942,900194,001,PERSONAL,선글라스 / 카린 EYE Kristen R C2
04026049002002,900200,001,PERSONAL,"기타신변장식용품 / Rieti 선글라스 3개(RT 2013 C1 Navy Lens+Black Frame 1개, RT 2013 C2 Brown Lens+Black Frame 2개)"
04026049002032,900203,001,PERSONAL,일반화장품 / 샤넬 BLEU DE CHANEL EAU DE TOILETTE 50ml 1병
04026049002042,900204,001,PERSONAL,"기타신변장식용품 / 디올 백스테이지 아이팔렛트(002스모키 에션셜), 디올 포에버 스킨 코렉트 컨실러(0N 뉴트럴)"
04026049002072,900207,001,PERSONAL,가공식품(건강기능식품 포함) / 정관장 에브리타임 샷(20ml*20병) 3박스
04026049002092,900209,001,PERSONAL,"기타신변장식용품 / 탈리 피어리 레터링백 블랙(이너백, 체인포함)"
04026049002102,900210,001,PERSONAL,기타 물품 / 조말론 잉글리쉬 페어 앤 프리지아 디퓨저 165ml
04026049002112,900211,001,PERSONAL,"보석, 귀금속 제품(금,은,백금 등) / 은 주얼리 1박스(반지 1개, 귀걸이 2쌍)"
04026049002122,900212,001,PERSONAL,시계 / 카시오 시계5개
04026049002152,900215,001,PERSONAL,가방 및 지갑 / 롱샴가방 (LONGCHAMP Le Pliage Original Paper S)
04026049002162,900216,001,PERSONAL,"일반화장품 / 에스티로더 Double Wear Stay-in- Place Makeup 듀오(30ml*2, 쿨바닐라 색상)"
04026049002192,900219,001,PERSONAL,일반화장품 / BOBBI BROWN VITAMIN ENRICHED FACE BASE 50ml
04026049002202,900220,001,PERSONAL,액세서리(귀금속 제외) / LLOYD 커스텀쥬얼리(은색큐빅팔찌) LLBB23301T
04026049002212,900221,001,PERSONAL,기타신변장식용품 / 정관장 에브리타임 오리지널 50포
04026049002242,900224,001,PERSONAL,전기기기류(HS85류) / 5WAY SQUARE FAN
04026049002332,900233,001,PERSONAL,일반화장품 / PDRN CAPSULE CREAM 100 50ml
04026049002342,900234,001,PERSONAL,"일반화장품 / LOCCITANE HAND CARE SET 4EA, 증정품 2개"
04026049002362,900236,001,PERSONAL,일반화장품 / 올그레이스 조선미녀 맑은쌀 썬크림 아쿠아프레쉬 SPF50+ PA++++ 50ml
04026049002412,900241,001,PERSONAL,기타신변장식용품 / PRADA MONOCHROME LIPCOLOR 3EA
04026049002432,900243,001,PERSONAL,일반화장품 / CHANEL LE BLANC HUILE HEALTH LIGHT CREATOR OIL 50ml
04026049002502,900250,001,PERSONAL,"일반화장품 / DIOR 립밤 (디올 어딕트 립글로우 핑크2, 코랄2)"
04026049002522,900252,001,PERSONAL,일반화장품 / CHANEL DE JASMIN FACIL OIL 50ml
04026049002592,900259,001,PERSONAL,"기타신변장식용품 / #5378 디올화장품 3개(PREST MLDR ADV BTL 150ML 1개, gwp 2개)"
04026049002602,900260,001,PERSONAL,기타신변장식용품 / #1 G SHOCK(회색시계) MP PGPM2-1
04026049002622,900262,001,PERSONAL,일반화장품 / 설화수 진설수유액 2종세트
04026049002632,900263,001,PERSONAL,기타신변장식용품 / 스톤헨지 귀걸이 및 헤어밴드 각 1점
04026049002702,900270,001,PERSONAL,기타 회사용물품(중량단위) / 머그컵(페루 잉카 모양 수공예 머그컵) 23개
04026049002732,900273,001,PERSONAL,기타신변장식용품 / 메디큐브 에이지알 부스터 프로(MEDICUBE AGE-R BOOSTER PRO)
04026049002752,900275,001,PERSONAL,가공식품(건강기능식품 포함) / 정관장 홍삼정로얄 240g 1병
04026049002762,900276,001,PERSONAL,"기타신변장식용품 / #12 젠틀몬스터 선글라스(NOMA-W2, 현대면세점)"
04026049002772,900277,001,PERSONAL,기타신변장식용품 / 코치 에센셜 카드 홀더 월릿 인 러브드 레더 1개
04026049002792,900279,001,PERSONAL,액세서리(귀금속 제외) / #24699 스와로브스키 목걸이(박스)
04026049002802,900280,001,PERSONAL,일반화장품 / 라메르(LAMER) 립 볼류마이저(7ML/ B65)
04026049002812,900281,001,PERSONAL,기타신변장식용품 / 비오템옴므 아쿠아파워 어드밴스드 젤 100ml 3EA
04026049002832,900283,001,PERSONAL,"보석, 귀금속 제품(금,은,백금 등) / 티파니 18K 팔찌"
04026049002862,900286,001,PERSONAL,기타신변장식용품 / 젠틀몬스터 선글라스(VETI-01) 및 케이스
04026049002882,900288,001,PERSONAL,선글라스 / 젠틀몬스터 선글라스 1개(BY-KC2)
04026049002892,900289,001,PERSONAL,기타신변장식용품 / 젠틀몬스터 선글라스(케이스포함) GENTLE M EYEW GISELE-01(V) 11004948
04026049002902,900290,001,PERSONAL,기타신변장식용품 / 젠틀몬스터 선글라스(신라면세점)
04026049002922,900292,001,PERSONAL,기타신변장식용품 / 시세이도 vital perfectiontravel exclusive
04026049002932,900293,001,PERSONAL,일반화장품 / 샤넬 화장품(CHANEL SUBLIMAGE LA CREAM YEUX 15G) /  (5ML 증정품 2개 포함)
04026049003002,900300,001,PERSONAL,"일반화장품 / 샤넬 EAU TENDRE SHEER MOISTURE MIST 100ml 1개, 정샘물 Essential Skin Nuder Cushion 4개, 정샘물 퍼프 2세트"
04026049003022,900302,001,PERSONAL,선글라스 / 젠틀몬스터 선글라스(TAPTAP-KC3)
04026049003032,900303,001,PERSONAL,선글라스 / 젠틀몬스터 선글라스(ROCOCO-KC6)
04026049003042,900304,001,PERSONAL,기타 회사용물품(중량단위) / 고무 가스켓(지름 400mm)
04026049003052,900305,001,PERSONAL,일반화장품 / SISLEY SKIN ECO COMPOUND 125ml KIT
04026049003102,900310,001,PERSONAL,"기타신변장식용품 / 끌레드뽀 보떼, 겔랑등 화장품 4점"
04026049003162,900316,001,PERSONAL,선글라스 / 구찌선글라스(GG1338SK 003)
04026049003172,900317,001,PERSONAL,가방 및 지갑 / 롱샴 가방
04026049003182,900318,001,PERSONAL,"전기기기류(HS85류) / MEDICUBE AGE-R BOOSTER PRO, ME-BPRO-K, 3.7V"
04026049003232,900323,001,PERSONAL,"기타신변장식용품 / 헬레나루빈스타인 REPLASTY EYE BANDAGE 15ML, POWERCELL EYE CARE 15ML"
04026049003272,900327,001,PERSONAL,기타전자제품 / VOICE CADDIE T12 PRO (골프용 스마트워치)
04026049003282,900328,001,PERSONAL,"일반화장품 / 화장품 3점(시세이도1개, cle de peau2개)"
04026049003362,900336,001,PERSONAL,가방 및 지갑 / 롱샴 르 플리아쥬 파니에 XS사이즈
04026049003372,900337,001,PERSONAL,선글라스 / 톰포드 선글라스(TF-1164-K-5401A)
04026049003382,900338,001,PERSONAL,기타신변장식용품 / 캐톤 IXY650m(PowerShot Elph 360 HS A) Camera
04026049003402,900340,001,PERSONAL,기타신변장식용품 / 소니해드폰
04026049003432,900343,001,PERSONAL,기타신변장식용품 / Gucci GG 캔버스 베이스볼 캡 1개
04026049003442,900344,001,PERSONAL,시계 / 아르마니 여성시계(AR1926)
04026049003462,900346,001,PERSONAL,기타신변장식용품 / 루이비통 지갑(M81665)
04026049003472,900347,001,PERSONAL,선글라스 / CELINE 선글라스 CL40282U 01B 1개
04026049003482,900348,001,PERSONAL,"기타신변장식용품 / 비비안 웨스트 우드 귀걸이, 헤어핀 등 장식용품 총 3점"
04026049003492,900349,001,PERSONAL,"가방 및 지갑 / 토리버치 티 모노그램가방(STYLE :147596, SIZE: OS, COLOR : IVORY 254)"
04026049003552,900355,001,PERSONAL,가방 및 지갑 / 셀린느 스몰 플랩 지갑
04026049003582,900358,001,PERSONAL,일반화장품 / ASEMVERA  LIP LINER 총 133개
04026049003592,900359,001,PERSONAL,액세서리(귀금속 제외) / 샤넬 CC로고 크리스탈 진주 큐빅 드롭 귀걸이
04026049003622,900362,001,PERSONAL,"보석, 귀금속 제품(금,은,백금 등) / 금반지(휴대용휴지포함)-S/N 500348"
04026049003672,900367,001,PERSONAL,전기기기류(HS85류) / HYDRA PEN  H5
04026049003682,900368,001,PERSONAL,일반화장품 / ASEMVERA 골드 콜라겐젤크림 50ml 총42개
04026049003692,900369,001,PERSONAL,"의류(모피의류 제외),섬유제품 / 안다르 의류 1BOX(31EA)"
04026049003712,900371,001,PERSONAL,가방 및 지갑 / 프라다 리나일론 크로스백(2VH048V XOO 2DMH F0002)
04026049003722,900372,001,PERSONAL,액세서리(귀금속 제외) / 순금팔찌(99.7%)
04026049003732,900373,001,PERSONAL,일반화장품 / ASEMVERA EYEBROW PENCIL 총146점
04026049003742,900374,001,PERSONAL,"의류(모피의류 제외),섬유제품 / CHANEL  BLOUSE/TOP P82220K119 1점"
04026049003752,900375,001,PERSONAL,"보석, 귀금속 제품(금,은,백금 등) / 은슬러지(순중량 1.98kg)"
04026049003782,900378,001,PERSONAL,"보석, 귀금속 제품(금,은,백금 등) / 순금 행운열쇠 20개 (개당 3.75g, 총 75g)"
04026049003792,900379,001,PERSONAL,기타신변장식용품 / 아크메드라비 양말(아크웍 양말 아크베어산타)
04026049003802,900380,001,PERSONAL,일반화장품 / 메디큐브 제로 모공패드 2.0 155G
